games,gxe,elo,rd
2,40.2,1000,116.5
2,40.2,1000,116.5
3,43.3,1047,112.0
4,47.7,1082,107.4
5,50.7,1113,103.0
5,50.7,1113,103.0
5,50.7,1113,103.0
6,54.5,1142,98.9
6,54.5,1142,98.9
6,54.5,1142,98.9
6,54.5,1142,98.9
7,57,1169,95.4
8,59.5,1194,92.1
8,59.5,1194,92.1
8,59.5,1194,92.1
9,61.6,1221,89.1
9,61.6,1221,89.1
9,61.6,1221,89.1
9,61.6,1221,89.1
11,65.1,1269,83.9
11,65.1,1269,83.9
12,66.6,1293,81.6
13,68.4,1320,79.8
13,68.4,1320,79.8
13,68.4,1320,79.8
13,68.4,1320,79.8
14,69.8,1342,77.8
14,69.8,1342,77.8
15,71,1363,76.0
15,71,1363,76.0
15,71,1363,76.0
15,71,1363,76.0
16,71.8,1383,74.3
16,71.8,1383,74.3
16,71.8,1383,74.3
17,69.6,1364,72.7
18,70.6,1381,71.2
18,70.6,1381,71.2
18,70.6,1381,71.2
19,71.9,1401,69.9
20,73,1423,68.6
20,73,1423,68.6
22,74.7,1466,66.2
22,74.7,1466,66.2
22,74.7,1466,66.2
22,74.7,1466,66.2
23,75.5,1488,65.1
24,76.8,1508,64.4
24,76.8,1508,64.4
25,77.7,1526,63.5
25,77.7,1526,63.5
25,77.7,1526,63.5
25,77.7,1526,63.5
26,78.3,1542,62.6
26,78.3,1542,62.6
27,79.1,1564,61.8
27,79.1,1564,61.8
27,79.1,1564,61.8
28,77.9,1541,60.9
28,77.9,1541,60.9
28,77.9,1541,60.9
29,78.7,1562,60.2
29,78.7,1562,60.2
29,78.7,1562,60.2
30,79.4,1585,59.5
30,79.4,1585,59.5
31,80.2,1606,58.8
31,80.2,1606,58.8
32,80.8,1624,58.1
32,80.8,1624,58.1
33,79.9,1605,57.5
33,79.9,1605,57.5
34,78.9,1583,56.8
34,78.9,1583,56.8
34,78.9,1583,56.8
34,78.9,1583,56.8
34,78.9,1583,56.8
34,78.9,1583,56.8
35,79.6,1603,56.3
36,80.4,1623,55.7
36,80.4,1623,55.7
37,79.5,1602,55.2
37,79.5,1602,55.2
38,80.2,1625,54.7
38,80.2,1625,54.7
38,80.2,1625,54.7
39,79.5,1606,54.2
39,79.5,1606,54.2
40,80,1623,53.6
41,80.6,1645,53.1
41,80.6,1645,53.1
42,81.2,1669,52.7
42,81.2,1669,52.7
42,81.2,1669,52.7
42,81.2,1669,52.7
42,81.2,1669,52.7
42,81.2,1669,52.7
42,81.2,1669,52.7
43,80.2,1650,52.2
44,80.9,1668,51.8
44,80.9,1668,51.8
44,80.9,1668,51.8
45,81.6,1692,51.5
45,81.6,1692,51.5
45,81.6,1692,51.5
46,82.1,1712,51.1
46,82.1,1712,51.1
47,82.6,1730,50.7
47,82.6,1730,50.7
47,82.6,1730,50.7
48,83.2,1751,50.4
48,83.2,1751,50.4
48,83.2,1751,50.4
48,83.2,1751,50.4
50,83,1748,49.6
50,83,1748,49.6
51,83.5,1770,49.2
51,83.5,1770,49.2
52,84,1792,48.9
52,84,1792,48.9
52,84,1792,48.9
52,84,1792,48.9
53,84.5,1811,48.6
53,84.5,1811,48.6
53,84.5,1811,48.6
54,84.9,1831,48.3
54,84.9,1831,48.3
55,85.3,1852,48.0
55,85.3,1852,48.0
55,85.3,1852,48.0
56,85.7,1869,47.7
56,85.7,1869,47.7
57,86.1,1885,47.4
57,86.1,1885,47.4
57,86.1,1885,47.4
57,86.1,1885,47.4
57,86.1,1885,47.4
58,85.7,1861,47.1
58,85.7,1861,47.1
58,85.7,1861,47.1
59,86.1,1885,46.8
59,86.1,1885,46.8
60,86.4,1906,46.5
60,86.4,1906,46.5
61,86.8,1924,46.3
61,86.8,1924,46.3
61,86.8,1924,46.3
61,86.8,1924,46.3
62,86.4,1907,46.1
62,86.4,1907,46.1
63,86.9,1923,45.8
63,86.9,1923,45.8
64,87.2,1939,45.6
64,87.2,1939,45.6
64,87.2,1939,45.6
65,87.6,1957,45.4
66,87.8,1971,45.1
66,87.8,1971,45.1
66,87.8,1971,45.1
67,87.5,1951,44.9
67,87.5,1951,44.9
67,87.5,1951,44.9
68,87.9,1965,44.7
69,88.3,1988,44.6
69,88.3,1988,44.6
69,88.3,1988,44.6
70,88,1970,44.4
71,87.7,1953,44.1
71,87.7,1953,44.1
71,87.7,1953,44.1
71,87.7,1953,44.1
72,87.5,1939,44.0
72,87.5,1939,44.0
72,87.5,1939,44.0
72,87.5,1939,44.0
73,87.2,1921,43.8
73,87.2,1921,43.8
73,87.2,1921,43.8
73,87.2,1921,43.8
73,87.2,1921,43.8
74,86.8,1897,43.6
74,86.8,1897,43.6
75,87,1913,43.3
76,87.2,1932,43.0
76,87.2,1932,43.0
76,87.2,1932,43.0
76,87.2,1932,43.0
77,87.5,1951,42.8
77,87.5,1951,42.8
77,87.5,1951,42.8
77,87.5,1951,42.8
78,87.9,1969,42.7
78,87.9,1969,42.7
79,88.2,1989,42.5
79,88.2,1989,42.5
79,88.2,1989,42.5
80,87.9,1965,42.3
82,87.9,1970,42.0
82,87.9,1970,42.0
82,87.9,1970,42.0
83,88.2,1993,41.8
84,88.5,2014,41.6
84,88.5,2014,41.6
85,88.8,2034,41.5
86,89.1,2063,41.3
86,89.1,2063,41.3
86,89.1,2063,41.3
87,89.4,2081,41.2
87,89.4,2081,41.2
87,89.4,2081,41.2
88,89.2,2072,41.1
88,89.2,2072,41.1
88,89.2,2072,41.1
89,89.5,2094,41.0
90,89.8,2111,40.8
90,89.8,2111,40.8
90,89.8,2111,40.8
91,90.1,2128,40.7
91,90.1,2128,40.7
91,90.1,2128,40.7
91,90.1,2128,40.7
92,89.9,2106,40.6
92,89.9,2106,40.6
93,89.8,2088,40.5
94,89.5,2065,40.3
94,89.5,2065,40.3
95,89.7,2086,40.6
95,89.7,2086,40.6
95,89.7,2086,40.6
96,89.4,2068,40.4
96,89.4,2068,40.4
96,89.4,2068,40.4
96,89.4,2068,40.4
98,88.8,2034,39.9
98,88.8,2034,39.9
98,88.8,2034,39.9
98,88.8,2034,39.9
98,88.8,2034,39.9
98,88.8,2034,39.9
99,88.6,2013,39.6
99,88.6,2013,39.6
100,88.8,2034,39.4
100,88.8,2034,39.4
100,88.8,2034,39.4
100,88.8,2034,39.4
101,88.6,2027,39.1
101,88.6,2027,39.1
101,88.6,2027,39.1
101,88.6,2027,39.1
101,88.6,2027,39.1
101,88.6,2027,39.1
102,88.8,2050,38.9
102,88.8,2050,38.9
103,89,2068,38.7
103,89,2068,38.7
103,89,2068,38.7
103,89,2068,38.7
103,89,2068,38.7
104,89.1,2086,38.5
104,89.1,2086,38.5
104,89.1,2086,38.5
105,88.9,2064,38.3
105,88.9,2064,38.3
105,88.9,2064,38.3
106,89.1,2086,38.0
106,89.1,2086,38.0
106,89.1,2086,38.0
106,89.1,2086,38.0
107,88.9,2066,37.8
107,88.9,2066,37.8
108,89,2092,37.6
108,89,2092,37.6
108,89,2092,37.6
108,89,2092,37.6
108,89,2092,37.6
109,89.3,2114,37.4
109,89.3,2114,37.4
110,89.5,2137,37.2
110,89.5,2137,37.2
111,89.7,2155,37.0
112,89.8,2172,36.8
112,89.8,2172,36.8
112,89.8,2172,36.8
113,90,2191,36.6
113,90,2191,36.6
114,89.8,2168,36.4
114,89.8,2168,36.4
114,89.8,2168,36.4
115,90,2185,36.2
115,90,2185,36.2
115,90,2185,36.2
115,90,2185,36.2
115,90,2185,36.2
116,89.8,2162,36.0
116,89.8,2162,36.0
117,89.9,2181,35.8
117,89.9,2181,35.8
117,89.9,2181,35.8
117,89.9,2181,35.8
118,89.7,2155,35.6
118,89.7,2155,35.6
118,89.7,2155,35.6
120,89.3,2110,35.3
120,89.3,2110,35.3
120,89.3,2110,35.3
120,89.3,2110,35.3
120,89.3,2110,35.3
121,89,2091,35.1
121,89,2091,35.1
121,89,2091,35.1
122,88.8,2070,35.0
122,88.8,2070,35.0
122,88.8,2070,35.0
122,88.8,2070,35.0
122,88.8,2070,35.0
122,88.8,2070,35.0
124,88.4,2024,34.7
124,88.4,2024,34.7
124,88.4,2024,34.7
124,88.4,2024,34.7
124,88.4,2024,34.7
124,88.4,2024,34.7
125,88.1,2003,34.5
125,88.1,2003,34.5
125,88.1,2003,34.5
126,88.3,2021,34.4
126,88.3,2021,34.4
127,88.4,2044,34.2
127,88.4,2044,34.2
128,88.2,2021,34.1
128,88.2,2021,34.1
128,88.2,2021,34.1
129,88.3,2037,33.9
129,88.3,2037,33.9
129,88.3,2037,33.9
129,88.3,2037,33.9
129,88.3,2037,33.9
129,88.3,2037,33.9
129,88.3,2037,33.9
129,88.3,2037,33.9
129,88.3,2037,33.9
129,88.3,2037,33.9
129,88.3,2037,33.9
129,88.3,2037,33.9
130,88.1,2020,33.8
130,88.1,2020,33.8
130,88.1,2020,33.8
131,87.9,1998,33.6
131,87.9,1998,33.6
132,87.6,1977,33.5
132,87.6,1977,33.5
132,87.6,1977,33.5
132,87.6,1977,33.5
132,87.6,1977,33.5
133,87.8,1998,33.4
133,87.8,1998,33.4
134,87.6,1978,33.2
135,87.7,1998,33.1
135,87.7,1998,33.1
135,87.7,1998,33.1
135,87.7,1998,33.1
135,87.7,1998,33.1
136,87.5,1981,32.9
136,87.5,1981,32.9
136,87.5,1981,32.9
137,87.3,1957,34.1
137,87.3,1957,34.1
138,87.5,1980,34.0
138,87.5,1980,34.0
139,87.6,1998,33.8
139,87.6,1998,33.8
140,87.7,2018,33.7
140,87.7,2018,33.7
140,87.7,2018,33.7
141,87.9,2037,33.5
141,87.9,2037,33.5
142,88,2060,33.4
142,88,2060,33.4
143,88.2,2077,33.2
144,88.3,2091,33.1
144,88.3,2091,33.1
144,88.3,2091,33.1
144,88.3,2091,33.1
145,88.4,2108,32.9
145,88.4,2108,32.9
146,88.6,2131,32.8
146,88.6,2131,32.8
146,88.6,2131,32.8
147,88.4,2107,32.7
147,88.4,2107,32.7
148,88.5,2123,32.5
148,88.5,2123,32.5
149,88.7,2149,32.4
149,88.7,2149,32.4
150,88.8,2165,32.2
150,88.8,2165,32.2
150,88.8,2165,32.2
150,88.8,2165,32.2
150,88.8,2165,32.2
151,89,2186,32.1
151,89,2186,32.1
152,89.1,2203,32.0
152,89.1,2203,32.0
152,89.1,2203,32.0
153,89.2,2220,31.8
154,89.3,2244,31.7
154,89.3,2244,31.7
154,89.3,2244,31.7
154,89.3,2244,31.7
155,89.5,2262,31.6
156,89.6,2283,31.4
156,89.6,2283,31.4
156,89.6,2283,31.4
156,89.6,2283,31.4
156,89.6,2283,31.4
157,89.7,2302,31.3
157,89.7,2302,31.3
157,89.7,2302,31.3
158,89.9,2315,31.2
158,89.9,2315,31.2
158,89.9,2315,31.2
158,89.9,2315,31.2
158,89.9,2315,31.2
159,89.8,2288,31.1
160,89.9,2306,31.0
160,89.9,2306,31.0
160,89.9,2306,31.0
161,89.7,2273,30.8
161,89.7,2273,30.8
162,89.8,2285,30.7
162,89.8,2285,30.7
162,89.8,2285,30.7
163,89.7,2262,30.6
163,89.7,2262,30.6
164,89.8,2283,30.5
164,89.8,2283,30.5
165,89.9,2294,30.4
165,89.9,2294,30.4
166,89.7,2271,30.3
167,89.9,2290,30.2
167,89.9,2290,30.2
167,89.9,2290,30.2
167,89.9,2290,30.2
167,89.9,2290,30.2
167,89.9,2290,30.2
168,89.7,2261,30.0
169,89.8,2276,29.9
169,89.8,2276,29.9
169,89.8,2276,29.9
169,89.8,2276,29.9
170,89.6,2250,29.8
171,89.7,2264,29.7
171,89.7,2264,29.7
171,89.7,2264,29.7
172,89.8,2280,29.6
172,89.8,2280,29.6
172,89.8,2280,29.6
173,89.7,2257,29.5
173,89.7,2257,29.5
173,89.7,2257,29.5
174,89.8,2266,29.4
174,89.8,2266,29.4
175,89.9,2283,29.3
175,89.9,2283,29.3
175,89.9,2283,29.3
176,89.7,2256,29.2
176,89.7,2256,29.2
176,89.7,2256,29.2
176,89.7,2256,29.2
177,89.6,2228,29.1
177,89.6,2228,29.1
177,89.6,2228,29.1
178,89.7,2239,29.0
178,89.7,2239,29.0
179,89.6,2216,28.9
179,89.6,2216,28.9
179,89.6,2216,28.9
180,89.4,2194,28.8
180,89.4,2194,28.8
180,89.4,2194,28.8
180,89.4,2194,28.8
180,89.4,2194,28.8
181,89.5,2211,28.7
181,89.5,2211,28.7
181,89.5,2211,28.7
181,89.5,2211,28.7
181,89.5,2211,28.7
182,89.4,2181,28.6
182,89.4,2181,28.6
182,89.4,2181,28.6
182,89.4,2181,28.6
182,89.4,2181,28.6
183,89.5,2205,28.5
183,89.5,2205,28.5
184,89.6,2224,28.4
184,89.6,2224,28.4
184,89.6,2224,28.4
185,89.7,2243,28.3
185,89.7,2243,28.3
185,89.7,2243,28.3
185,89.7,2243,28.3
185,89.7,2243,28.3
185,89.7,2243,28.3
187,89.4,2196,28.2
187,89.4,2196,28.2
187,89.4,2196,28.2
187,89.4,2196,28.2
187,89.4,2196,28.2
188,89.2,2177,28.1
188,89.2,2177,28.1
189,89.3,2196,28.0
189,89.3,2196,28.0
190,89.2,2170,27.9
190,89.2,2170,27.9
190,89.2,2170,27.9
190,89.2,2170,27.9
190,89.2,2170,27.9
191,89.1,2145,27.8
191,89.1,2145,27.8
192,88.9,2122,27.7
192,88.9,2122,27.7
192,88.9,2122,27.7
192,88.9,2122,27.7
193,88.8,2098,27.6
193,88.8,2098,27.6
194,88.9,2122,27.5
194,88.9,2122,27.5
194,88.9,2122,27.5
195,88.7,2112,27.5
196,88.8,2133,27.4
196,88.8,2133,27.4
196,88.8,2133,27.4
197,88.7,2114,27.3
197,88.7,2114,27.3
197,88.7,2114,27.3
197,88.7,2114,27.3
198,88.6,2094,27.2
198,88.6,2094,27.2
199,88.6,2110,27.2
199,88.6,2110,27.2
199,88.6,2110,27.2
200,88.7,2129,27.1
200,88.7,2129,27.1
200,88.7,2129,27.1
200,88.7,2129,27.1
200,88.7,2129,27.1
201,88.8,2144,27.0
201,88.8,2144,27.0
201,88.8,2144,27.0
201,88.8,2144,27.0
202,88.7,2120,26.9
202,88.7,2120,26.9
203,88.8,2143,26.8
203,88.8,2143,26.8
204,88.9,2166,26.8
204,88.9,2166,26.8
204,88.9,2166,26.8
204,88.9,2166,26.8
204,88.9,2166,26.8
205,89,2186,26.7
205,89,2186,26.7
206,89.1,2211,26.6
206,89.1,2211,26.6
207,89.2,2235,26.5
207,89.2,2235,26.5
207,89.2,2235,26.5
207,89.2,2235,26.5
207,89.2,2235,26.5
208,89.3,2257,26.5
209,89.4,2272,26.4
209,89.4,2272,26.4
210,89.5,2289,26.3
210,89.5,2289,26.3
211,89.6,2304,26.3
211,89.6,2304,26.3
211,89.6,2304,26.3
212,89.5,2274,26.2
212,89.5,2274,26.2
213,89.6,2290,26.1
213,89.6,2290,26.1
213,89.6,2290,26.1
214,89.7,2302,26.0
214,89.7,2302,26.0
214,89.7,2302,26.0
215,89.7,2320,26.0
215,89.7,2320,26.0
215,89.7,2320,26.0
215,89.7,2320,26.0
216,89.8,2337,25.9
216,89.8,2337,25.9
216,89.8,2337,25.9
216,89.8,2337,25.9
217,89.9,2349,25.8
217,89.9,2349,25.8
217,89.9,2349,25.8
218,89.8,2315,25.8
218,89.8,2315,25.8
218,89.8,2315,25.8
218,89.8,2315,25.8
219,89.6,2290,25.7
220,89.7,2304,25.6
220,89.7,2304,25.6
220,89.7,2304,25.6
220,89.7,2304,25.6
220,89.7,2304,25.6
221,89.8,2322,25.5
221,89.8,2322,25.5
221,89.8,2322,25.5
221,89.8,2322,25.5
222,89.7,2294,25.5
222,89.7,2294,25.5
222,89.7,2294,25.5
222,89.7,2294,25.5
222,89.7,2294,25.5
222,89.7,2294,25.5
223,89.6,2271,25.4
223,89.6,2271,25.4
224,89.5,2245,25.3
224,89.5,2245,25.3
224,89.5,2245,25.3
225,89.6,2263,25.3
226,89.6,2278,25.2
226,89.6,2278,25.2
226,89.6,2278,25.2
227,89.5,2250,25.1
227,89.5,2250,25.1
228,89.6,2268,25.1
228,89.6,2268,25.1
229,89.5,2245,25.0
229,89.5,2245,25.0
229,89.5,2245,25.0
230,89.4,2226,25.0
230,89.4,2226,25.0